{"type": "scene", "properties": {"baseExtent": {"cx": 510107.91155020497, "cy": 1089707.854499918, "width": 154.2547096235212, "height": 154.2547096235212, "rotation": 0}, "origin": {"x": 510107.91155020497, "y": 1089707.854499918, "z": 0.0}, "zScale": 1.5, "light": "directional"}, "layers": [{"type": "layer", "id": 0, "properties": {"name": "SUPERFICIE (23-05-25)", "clickable": true, "visible": true, "type": "dem", "clipped": false, "mtlNames": ["map (canvas)"], "mtlIdx": 0}, "data": [{"type": "block", "layer": 0, "block": 0, "materials": [{"type": 0, "image": {"url": "./data/index/a0.png"}, "ds": 1, "mtlIndex": 0, "useNow": true}]}, {"type": "block", "layer": 0, "block": 0, "width": 154.2547096235212, "height": 154.2547096235212, "translate": [0.0, 0.0, 0], "zScale": 1.5, "grid": {"width": 201, "height": 201, "url": "./data/index/a0.bin"}}]}, {"type": "layer", "id": 3, "properties": {"name": "DATOS LISTOS (23-05-25)", "clickable": true, "visible": true, "type": "point", "objType": "Sphere"}, "data": {"materials": [{"type": 0, "c": 15054390}], "blocks": [{"url": "./data/index/b0.json", "featureCount": 50}, {"url": "./data/index/b1.json", "featureCount": 50}, {"url": "./data/index/b2.json", "featureCount": 50}, {"url": "./data/index/b3.json", "featureCount": 50}, {"url": "./data/index/b4.json", "featureCount": 32}]}}]}